<?xml version="1.0" encoding="iso-8859-1"?>
<install type="component">
	<name>Jomres</name>
	<creationDate>19/01/2009</creationDate>
	<author>Vince Wooll</author>
	<copyright>This component is copyright Vince Wooll 2009</copyright>
	<authorEmail>support@jomres.net</authorEmail>
	<authorUrl>www.jomres.net</authorUrl>
	<version>3.4.5</version>
	<description>Jomres component for Joomla 1.x/1.5 and Mambo 4.6.2/4.6.3</description>
	<uninstallfile>uninstall.jomres.php</uninstallfile>
	<administration>
	<menu>Jomres</menu>
		<submenu>
			<menu task="showSiteConfig">Edit Site Configuration</menu>
			<menu task="listMosUsers">Show Profiles</menu>
			<menu task="listPropertyTypes">Show Property types</menu>
			<menu task="listPfeatures">Show Global Property Features</menu>
			<menu task="listGlobalroomTypes">Show Global Room types</menu>
		</submenu>
	</administration>
</install>