<map map_file="maps/world.swf" zoom="330%" zoom_x="-124.85%" zoom_y="-87.05%">
  <areas>
      <area title="AFGHANISTAN" mc_name="AF"></area>
      <area title="ALAND ISLANDS" mc_name="AX"></area>
      <area title="ALBANIA" mc_name="AL" value="3544841"></area>
      <area title="ALGERIA" mc_name="DZ"></area>
      <area title="ANDORRA" mc_name="AD"></area>
      <area title="ANGOLA" mc_name="AO"></area>
      <area title="ANGUILLA" mc_name="AI"></area>
      <area title="ANTIGUA AND BARBUDA" mc_name="AG"></area>
      <area title="ARGENTINA" mc_name="AR"></area>
      <area title="ARMENIA" mc_name="AM" value="3330099"></area>
      <area title="ARUBA" mc_name="AW"></area>
      <area title="AUSTRALIA" mc_name="AU"></area>
      <area title="AUSTRIA" mc_name="AT" value="8169929"></area>
      <area title="AZERBAIJAN" mc_name="AZ" value="7798497"></area>
      <area title="BAHAMAS" mc_name="BS"></area>
      <area title="BAHRAIN" mc_name="BH"></area>
      <area title="BANGLADESH" mc_name="BD"></area>
      <area title="BARBADOS" mc_name="BB"></area>
      <area title="BELARUS" mc_name="BY" value="10335382"></area>
      <area title="BELGIUM" mc_name="BE" value="10274595"></area>
      <area title="BELIZE" mc_name="BZ"></area>
      <area title="BENIN" mc_name="BJ"></area>
      <area title="BERMUDA" mc_name="BM"></area>
      <area title="BHUTAN" mc_name="BT"></area>
      <area title="BOLIVIA" mc_name="BO"></area>
      <area title="BOSNIA AND HERZEGOVINA" mc_name="BA" value="3964388"></area>
      <area title="BOTSWANA" mc_name="BW"></area>
      <area title="BRAZIL" mc_name="BR"></area>
      <area title="BRUNEI DARUSSALAM" mc_name="BN"></area>
      <area title="BULGARIA" mc_name="BG" value="7621337"></area>
      <area title="BURKINA FASO" mc_name="BF"></area>
      <area title="BURUNDI" mc_name="BI"></area>
      <area title="CAMBODIA" mc_name="KH"></area>
      <area title="CAMEROON" mc_name="CM"></area>
      <area title="CANADA" mc_name="CA"></area>
      <area title="CAPE VERDE" mc_name="CV"></area>
      <area title="CENTRAL AFRICAN REPUBLIC" mc_name="CF"></area>
      <area title="CHAD" mc_name="TD"></area>
      <area title="CHILE" mc_name="CL"></area>
      <area title="CHINA" mc_name="CN"></area>
      <area title="COLOMBIA" mc_name="CO"></area>
      <area title="COMOROS" mc_name="KM"></area>
      <area title="REPUBLIC OF CONGO" mc_name="CG"></area>
      <area title="THE DEMOCRATIC REPUBLIC OF THE CONGO" mc_name="CD"></area>
      <area title="COSTA RICA" mc_name="CR"></area>
      <area title="C0TE D'IVOIRE" mc_name="CI"></area>
      <area title="CROATIA" mc_name="HR" value="4390751"></area>
      <area title="CUBA" mc_name="CU"></area>
      <area title="CYPRUS" mc_name="CY"></area>
      <area title="CZECH REPUBLIC" mc_name="CZ" value="10256760"></area>
      <area title="DENMARK" mc_name="DK" value="5368854"></area>
      <area title="DJIBOUTI" mc_name="DJ"></area>
      <area title="DOMINICA" mc_name="DM"></area>
      <area title="DOMINICAN REPUBLIC" mc_name="DO"></area>
      <area title="ECUADOR" mc_name="EC"></area>
      <area title="EGYPT" mc_name="EG"></area>
      <area title="EL SALVADOR" mc_name="SV"></area>
      <area title="EQUATORIAL GUINEA" mc_name="GQ"></area>
      <area title="ERITREA" mc_name="ER"></area>
      <area title="ESTONIA" mc_name="EE" value="1415681"></area>
      <area title="ETHIOPIA" mc_name="ET"></area>
      <area title="FAEROE ISLANDS" mc_name="FO" value="46011"></area>
      <area title="FALKLAND ISLANDS" mc_name="FK"></area>
      <area title="FIJI" mc_name="FJ"></area>
      <area title="FINLAND" mc_name="FI" value="5183545"></area>
      <area title="FRANCE" mc_name="FR" value="60765983"></area>
      <area title="FRENCH GUIANA" mc_name="GF"></area>
      <area title="GABON" mc_name="GA"></area>
      <area title="GAMBIA, THE" mc_name="GM"></area>
      <area title="GEORGIA" mc_name="GE" value="4960951"></area>
      <area title="GERMANY" mc_name="DE" value="83251851"></area>
      <area title="GHANA" mc_name="GH"></area>
      <area title="GREECE" mc_name="GR" value="10645343"></area>
      <area title="GREENLAND" mc_name="GL"></area>
      <area title="GRENADA" mc_name="GD"></area>
      <area title="GUADELOUPE" mc_name="GP"></area>
      <area title="GUATEMALA" mc_name="GT"></area>
      <area title="GUINEA" mc_name="GN"></area>
      <area title="GUINEA-BISSAU" mc_name="GW"></area>
      <area title="GUYANA" mc_name="GY"></area>
      <area title="HAITI" mc_name="HT"></area>
      <area title="HONDURAS" mc_name="HN"></area>
      <area title="HONG KONG" mc_name="HK"></area>
      <area title="HUNGARY" mc_name="HU" value="10075034"></area>
      <area title="ICELAND" mc_name="IS" value="279384"></area>
      <area title="INDIA" mc_name="IN"></area>
      <area title="INDONESIA" mc_name="ID"></area>
      <area title="IRAN" mc_name="IR"></area>
      <area title="IRAQ" mc_name="IQ"></area>
      <area title="IRELAND" mc_name="IE" value="4234925"></area>
      <area title="ISRAEL" mc_name="IL"></area>
      <area title="ITALY" mc_name="IT" value="59715625"></area>
      <area title="JAMAICA" mc_name="JM"></area>
      <area title="JAPAN" mc_name="JP"></area>
      <area title="JORDAN" mc_name="JO"></area>
      <area title="KAZAKHSTAN" mc_name="KZ"></area>
      <area title="KENYA" mc_name="KE"></area>
      <area title="NORTH KOREA" mc_name="KP"></area>
      <area title="SOUTH KOREA" mc_name="KR"></area>
      <area title="KUWAIT" mc_name="KW"></area>
      <area title="KYRGYZSTAN" mc_name="KG"></area>
      <area title="LAO PEOPLE'S DEMOCRATIC REPUBLIC" mc_name="LA"></area>
      <area title="LATVIA" mc_name="LV" value="2366515"></area>
      <area title="LEBANON" mc_name="LB"></area>
      <area title="LESOTHO" mc_name="LS"></area>
      <area title="LIBERIA" mc_name="LR"></area>
      <area title="LIBYA" mc_name="LY"></area>
      <area title="LIECHTENSTEIN" mc_name="LI" value="32842"></area>
      <area title="LITHUANIA" mc_name="LT" value="3601138"></area>
      <area title="LUXEMBOURG" mc_name="LU" value="448569"></area>
      <area title="MACEDONIA" mc_name="MK" value="2054800"></area>
      <area title="MADAGASCAR" mc_name="MG"></area>
      <area title="MALAWI" mc_name="MW"></area>
      <area title="MALAYSIA" mc_name="MY"></area>
      <area title="MALI" mc_name="ML"></area>
      <area title="MALTA" mc_name="MT" value="397499"></area>
      <area title="MARTINIQUE" mc_name="MQ"></area>
      <area title="MAURITANIA" mc_name="MR"></area>
      <area title="MAURITIUS" mc_name="MU"></area>
      <area title="MEXICO" mc_name="MX"></area>
      <area title="MOLDOVA" mc_name="MD" value="4434547"></area>
      <area title="MONGOLIA" mc_name="MN"></area>
      <area title="MONTENEGRO" mc_name="ME" value="500000"></area>
      <area title="MONTSERRAT" mc_name="MS"></area>
      <area title="MOROCCO" mc_name="MA"></area>
      <area title="MOZAMBIQUE" mc_name="MZ"></area>
      <area title="MYANMAR" mc_name="MM"></area>
      <area title="NAMIBIA" mc_name="NA"></area>
      <area title="NEPAL" mc_name="NP"></area>
      <area title="NETHERLANDS" mc_name="NL" value="16491461"></area>
      <area title="NEW CALEDONIA" mc_name="NC"></area>
      <area title="NEW ZEALAND" mc_name="NZ"></area>
      <area title="NICARAGUA" mc_name="NI"></area>
      <area title="NIGER" mc_name="NE"></area>
      <area title="NIGERIA" mc_name="NG"></area>
      <area title="NORWAY" mc_name="NO" value="4525116"></area>
      <area title="OMAN" mc_name="OM"></area>
      <area title="PAKISTAN" mc_name="PK"></area>
      <area title="PALAU" mc_name="PW"></area>
      <area title="PALESTINIAN TERRITORIES" mc_name="PS"></area>
      <area title="PANAMA" mc_name="PA"></area>
      <area title="PAPUA NEW GUINEA" mc_name="PG"></area>
      <area title="PARAGUAY" mc_name="PY"></area>
      <area title="PERU" mc_name="PE"></area>
      <area title="PHILIPPINES" mc_name="PH"></area>
      <area title="POLAND" mc_name="PL" value="38625478"></area>
      <area title="PORTUGAL" mc_name="PT" value="10084245"></area>
      <area title="PUERTO RICO" mc_name="PR"></area>
      <area title="QATAR" mc_name="QA"></area>
      <area title="REUNION" mc_name="RE"></area>
      <area title="ROMANIA" mc_name="RO" value="22303552"></area>
      <area title="RUSSIAN FEDERATION" mc_name="RU"></area>
      <area title="RWANDA" mc_name="RW"></area>
      <area title="SAINT KITTS AND NEVIS" mc_name="KN"></area>
      <area title="SAINT LUCIA" mc_name="LC"></area>
      <area title="SAMOA" mc_name="WS"></area>
      <area title="SAO TOME AND PRINCIPE" mc_name="ST"></area>
      <area title="SAUDI ARABIA" mc_name="SA"></area>
      <area title="SENEGAL" mc_name="SN"></area>
      <area title="SERBIA" mc_name="RS" value="9780000"></area>
      <area title="SIERRA LEONE" mc_name="SL"></area>
      <area title="SINGAPORE" mc_name="SG"></area>
      <area title="SLOVAKIA" mc_name="SK" value="5422366"></area>
      <area title="SLOVENIA" mc_name="SI" value="1932917"></area>
      <area title="SOLOMON ISLANDS" mc_name="SB"></area>
      <area title="SOMALIA" mc_name="SO"></area>
      <area title="SOUTH AFRICA" mc_name="ZA"></area>
      <area title="SOUTH GEORGIA AND THE SOUTH SANDWICH ISLANDS" mc_name="GS"></area>
      <area title="SPAIN" mc_name="ES" value="40077100"></area>
      <area title="SRI LANKA" mc_name="LK"></area>
      <area title="SUDAN" mc_name="SD"></area>
      <area title="SURINAME" mc_name="SR"></area>
      <area title="SVALBARD AND JAN MAYEN" mc_name="SJ" value="2868"></area>
      <area title="SWAZILAND" mc_name="SZ"></area>
      <area title="SWEDEN" mc_name="SE" value="8876744"></area>
      <area title="SWITZERLAND" mc_name="CH" value="7301994"></area>
      <area title="SYRIAN ARAB REPUBLIC" mc_name="SY"></area>
      <area title="TAIWAN" mc_name="TW"></area>
      <area title="TAJIKISTAN" mc_name="TJ"></area>
      <area title="TANZANIA" mc_name="TZ"></area>
      <area title="THAILAND" mc_name="TH"></area>
      <area title="TIMOR-LESTE" mc_name="TL"></area>
      <area title="TOGO" mc_name="TG"></area>
      <area title="TONGA" mc_name="TO"></area>
      <area title="TRINIDAD AND TOBAGO" mc_name="TT"></area>
      <area title="TUNISIA" mc_name="TN"></area>
      <area title="TURKEY" mc_name="TR"></area>
      <area title="TURKMENISTAN" mc_name="TM"></area>
      <area title="TURKS AND CAICOS ISLANDS" mc_name="TC"></area>
      <area title="UGANDA" mc_name="UG"></area>
      <area title="UKRAINE" mc_name="UA" value="48396470"></area>
      <area title="UNITED ARAB EMIRATES" mc_name="AE"></area>
      <area title="UNITED KINGDOM" mc_name="GB" value="59778002"></area>
      <area title="UNITED STATES" mc_name="US"></area>
      <area title="URUGUAY" mc_name="UY"></area>
      <area title="UZBEKISTAN" mc_name="UZ"></area>
      <area title="VANUATU" mc_name="VU"></area>
      <area title="VENEZUELA" mc_name="VE"></area>
      <area title="VIET NAM" mc_name="VN"></area>
      <area title="VIRGIN ISLANDS, BRITISH" mc_name="VG"></area>
      <area title="WESTERN SAHARA" mc_name="EH"></area>
      <area title="YEMEN" mc_name="YE"></area>
      <area title="ZAMBIA" mc_name="ZM"></area>
      <area title="ZIMBABWE" mc_name="ZW"></area>
  </areas>

<movies>
 <movie file="{IAddon}/ampie.swf" flash_vars="data_file={XAddon}/ampie_data.xml&settings_file={XAddon}/ampie_settings.xml&flash_width=500&flash_height=500" x="0" y="0" balloon="false"></movie>
</movies>

</map>